{
  "idSave": 687,
  "isFirstSession": false,
  "language": "ru",
  "promptDone": false,
  "money": 1,
  "newPlayerName": "Hello!",
  "openLevels": [
    false,
    true,
    false
  ],
  "MainSave1": "{\"L\":\"ru\",\"M\":0,\"S\":1,\"Mus\":1,\"Zoom\":60.0,\"IsZoomCorrected\":true,\"IsLowFPS\":false,\"Level\":17,\"AdvOff\":false,\"IsTutWalk\":true,\"IsTutCustom\":false,\"CustomGameBlocks\":[0.0,74.0,-12.0,0.0,2.0,0.0,74.0,-6.0,0.0,2.0,0.0,74.0,-6.0,0.0,8.0,0.0,61.0,-15.0,1.0,2.0,270.0,78.0,-12.0,1.0,5.0,0.00001001791224553017,78.0,-9.0,1.0,8.0,270.0,57.0,-6.0,1.0,11.0,0.00001001791224553017,78.0,-3.0,1.0,8.0,90.00000762939453,78.0,-3.0,1.0,2.0,90.00000762939453,78.0,-6.0,1.0,-1.0,180.0,78.0,-12.0,1.0,-1.0,180.0,52.0,-12.0,5.0,-1.0,0.00001001791224553017,53.0,-3.0,5.0,-1.0,270.0,50.0,-8.0,5.0,-1.0,0.00001001791224553017,50.0,-3.0,5.0,4.0,270.0,52.0,-3.0,5.0,8.0,270.0,54.0,-9.0,5.0,5.0,270.0,51.0,-9.0,5.0,9.0,90.00000762939453,51.0,-13.0,5.0,5.0,180.0,59.0,-15.0,5.0,2.0,270.0,59.0,-6.0,5.0,11.0,0.00001001791224553017,88.0,-17.0,0.0,2.0,180.0]}"
}